[
    {
    "id": 1,
    "nombre": "Plata",
    "subtitulo": "El mejor producto para ti",
    "precio": 10,
    "descripcion": "Categoría",
    "boton": "Ver Matrix",
    "enlace": "/articulos/plata.php",
    "material": "Plata",
    "imagen": "documentos/img/plata-en-lingotes.png",
    "idUsuario": 1
   
    
},

    {
        "id": 2,
        "nombre": "Oro",
        "subtitulo": "Producto de lujo",
        "precio": 40,
        "descripcion": "Categoría",
           "boton": "Ver Matrix",
        "enlace": "/articulos/oro.php",
        "material": "Oro",
        "imagen": "documentos/img/oro.png",
        "idUsuario": 2
    },
    {
        "id": 3,
        "nombre": "Rubí",
        "subtitulo": "Producto precioso",
        "precio": 160,
        "descripcion": "Categoría",
            "boton": "Ver Matrix",
        "enlace": "/articulos/rubi.php",
        "material": "Rubí",
        "imagen": "documentos/img/rubi.png",
        "idUsuario": 3
    },
    {
        "id": 4,
        "nombre": "Zafiro",
        "subtitulo": "Producto exquisito",
        "precio": 640,
        "descripcion": "Categoría",
           "boton": "Ver Matrix",
        "enlace": "/articulos/zafiro.php",
        "material": "Zafiro",
        "imagen": "documentos/img/zafiro.png",
        "idUsuario": 4
    },
    {
        "id": 5,
        "nombre": "Platinum",
        "subtitulo": "Producto premium",
        "precio": 1500,
        "descripcion": "Categoría",
            "boton": "Ver Matrix",
        "enlace": "/articulos/platinium.php",
        "material": "Platinum",
        "imagen": "documentos/img/platinium.png",
        "idUsuario": 5
    }
]
