[{
        "id": 1,
        "nombre": "Jarod",
        "apellido": "Mendoza",
        "edad": "22",
        "telefono": "123456789",
        "usuario": "usuario1",
        "contrasena": "contrasena1",
        "codigo_referido": "ref123"
    },
    {
        "id": 2,
        "nombre": "Mar\u00eda",
        "apellido": "Gonz\u00e1lez",
        "edad": 25,
        "telefono": "987654321",
        "usuario": "usuario2",
        "contrasena": "contrasena2",
        "codigo_referido": "ref253"
    },
    {
        "id": 3,
        "nombre": "Prueba-1",
        "apellido": "Jjj",
        "edad": "22",
        "telefono": "999888",
        "usuario": "usuario3",
        "contrasena": "1111",
        "codigo_referido": "ref123"
    },
    {
        "id": 4,
        "nombre": "Josefini",
        "apellido": "Melano",
        "edad": "22",
        "telefono": "999888",
        "usuario": "usuario4",
        "contrasena": "1111",
        "codigo_referido": "ref123"
    },
    {
        "id": 5,
        "nombre": "Josefina",
        "apellido": "Bono",
        "edad": 25,
        "telefono": "987654321",
        "usuario": "usuario5",
        "contrasena": "111",
        "codigo_referido": "ref253"
    },
    {
        "nombre": "Joseee",
        "apellido": "Marin",
        "edad": "20",
        "telefono": "0999656985",
        "usuario": "joseeee",
        "contrasena": "1111",
        "codigo_referido": "ref123"
    }
]