[
    {
        "pregunta": "¿Qué es Word Global?",
        "respuesta": "Como una colectividad de innovadores, nos enlazamos para fomentar el crecimiento conjunto mediante la sinergia de la economía colaborativa..."
    },
    {
        "pregunta": "¿Cómo funciona Word Global?",
        "respuesta": "Bajo un sistema de donaciones Algorítmicas desarrollado con inteligencia artificial buscamos generar una comunidad..."
    },
    {
        "pregunta": "¿Es Legal?",
        "respuesta": "No somos una compañía ni manejamos ningún tipo de capital de los miembros de nuestra comunidad lo que hace a Gift Dreams 100% legal y además un lugar seguro"
    },
    {
        "pregunta": "¿Es Piramidal?",
        "respuesta": "No, no es un sistema piramidal ya que Gift Dreams no toma ningún tipo de capital de ninguno de los miembros ni tampoco nadie se gana una comisión por referencia directa."
    },
    {
        "pregunta": "¿Hay riesgo de perder mi dinero?",
        "respuesta": "Recuerda que al ingresar a nuestra comunidad haces una donación completamente voluntaria, no es una inversión ya que no aseguramos ningún tipo de rendimiento."
    }
]
